motion,proximity,noise,label
0.3071418786719545,1.274029142858513,-0.7249317086942577,0.0
-0.249105648523614,0.804380660636241,-0.21788109504348163,0.0
0.439396962010196,-0.05137850759400217,-0.8369572860805807,0.0
1.2062047813203671,-0.7503946910802286,-0.37405239817056496,0.0
-0.3331054436302603,0.580389900832265,-1.889159992304513,0.0
-0.33309106149458984,0.2789086555692326,0.12401224755414282,0.0
1.2554216198819066,0.7752548230210644,-0.07864020107030878,0.0
0.5442958325547835,0.5180122097924571,-0.8605284878032713,0.0
-0.5392490217649883,0.927964704376528,0.55012385224238,0.0
0.3473033409960713,-0.6398868607650351,0.8160656947461469,0.0
-0.5339432975310768,1.1929436792780765,-1.615831738138731,0.0
-0.5359686860632046,0.0851162731965705,-0.8085832774455964,0.0
0.08397666232651743,1.9427112913073603,-0.8147153315904431,0.0
-1.8040375092722156,-0.7921942017095924,-0.9778789548437975,0.0
-1.6390301373181153,1.6070402325000421,0.7127795475155424,0.0
-0.6205542709670196,0.08542412645169521,-0.2649948789745768,0.0
-1.0152349987756941,-0.7548280268823344,-0.33253864848767456,0.0
0.14729910450680678,-0.5890862454103258,-1.9945027811628915,0.0
-0.9234229709406884,-0.42729542824064237,0.5273563031658202,0.0
-1.365177006887245,0.3092613385599961,-1.263915962700848,0.0
1.155938370213176,0.4068764154154737,-0.022525811180618645,0.0
-0.3257670421480345,-0.6779405863833528,0.18524442187492668,0.0
-0.06882933875984547,-0.13446593662516745,1.220330991451025,0.0
-1.376078501095604,2.0090046581998395,-1.3303831606307377,0.0
-0.6048694815344376,1.5987095893232541,-2.9649664189783875,0.0
-0.030815420014038884,0.3212891342905409,0.09587805266781442,0.0
-1.1362667040252048,-0.07277427639521693,1.640614581328679,0.0
0.20113052471954768,0.008376954348702585,1.1040337135810598,0.0
-0.6541502743457349,0.4965897916649789,0.12053964473333928,0.0
-0.38351139226637776,-1.1222337710562633,-0.5495553878194964,0.0
-0.65508578505573,-0.3649976154942905,0.6914217512897556,0.0
1.4946296359482591,-1.761123814616343,-1.0100252754815626,0.0
-0.1398084317687939,0.2845850745215637,0.37537261677685907,0.0
-1.054550163569514,0.5299078478747457,0.403189799392114,0.0
0.5925729083948749,-0.5883943477235678,0.9332492340106434,0.0
-1.1974560717490024,1.4467942139773378,2.557091005808847,0.0
0.054981887985138166,-1.323037729539251,0.29516537664884146,0.0
-1.8446755111353674,-1.5590969702178927,-0.56611193188794,0.0
-1.2914890953474027,0.11168152197573987,-0.10422855866117546,0.0
0.04446770038438759,0.9255365215646915,-1.7701619468128247,0.0
2.633709541665721,2.3869333824676255,0.6178084358842594,1.0
0.02213561508639791,-0.5643518618066011,-0.47086554996337926,0.0
-0.22929378807361045,0.9567815351946282,-0.5805638045715346,0.0
-0.3917545996470366,-0.14846855376196808,0.06578457466189731,0.0
-1.423184895637854,-0.28115407884321914,-0.8656226000762439,0.0
-0.758575510262855,0.7638447947286212,0.9913640845565855,0.0
-0.5315089339733243,0.534979995854665,-0.07959419233750907,0.0
0.7980650003762602,-1.6699171372161707,-0.08867859577736424,0.0
0.17302835890920773,1.3503891938275705,-0.3930987596333551,0.0
-1.6724256764524326,1.2549709324254232,0.06849422151395652,0.0
0.15591609750808802,-0.729249036037664,0.7085976837187715,0.0
-0.46532068655870035,0.28120202992736254,-0.9083437275492502,0.0
-0.7209752232706262,0.378378951072496,-0.7086289998754617,0.0
0.40784986861264083,0.14751637138807835,-0.37000533430109045,0.0
0.7751812485672778,-0.6547957531140673,-1.3657853110093565,0.0
0.6878260459174106,-0.7748174598794585,-0.8626012076993798,0.0
1.3001485859976518,0.7057382082948127,1.429770738273204,1.0
-0.3988578853015452,1.0498246438959704,0.7556956520349746,0.0
0.1622053786052143,0.4274191734791094,0.17108795782038974,0.0
0.7266026391742978,-0.47702525691172987,0.10518507138395317,0.0
0.5468532865848857,1.6268925131688676,1.5987629478894674,1.0
1.3912477109764825,-2.092796905485918,1.3804880294023811,1.0
-1.097145317221151,1.0261174169628704,0.29330106440250675,0.0
-1.1758737886987742,-1.831493368336936,-0.1784214728379966,0.0
0.5837960848055567,-0.4689392138788028,0.17376436111188906,0.0
1.0600952106967856,-1.2180757887759788,-0.6366238304968478,0.0
-0.19106631928175233,-1.391217050570886,-2.410106481485973,0.0
0.7511202085182652,1.0380496091632172,-0.20809714118388567,0.0
0.18881207682898798,-0.5730745751129518,1.2796581745230258,0.0
-0.6931161354325487,0.23242923529770557,0.8052161303576347,0.0
0.18860146688891946,-0.15679076434389294,0.8426550059381793,0.0
1.219350810616463,0.3615711544325919,1.1013433495841485,0.0
-0.15936869825946717,-0.03437070934574841,0.004921179000386063,0.0
1.2426588891161874,-1.379652720101516,0.10874510714373133,0.0
-2.4229078481336543,0.8752482659015887,-0.6699646717975665,0.0
0.5920101527489495,-0.5988515074835821,-0.38180285249110113,0.0
-0.05173061751666175,-1.6503185877868642,0.5085835103952695,0.0
-0.3899181801852886,-0.5339115841149116,1.0705316987968456,0.0
-0.04760136152846001,1.3743498056489074,-0.21303437033655026,0.0
-1.8691151330597828,0.730763947719291,-0.5099524362341622,0.0
2.398068183357977,0.05713117719328824,1.1130176046245857,1.0
0.18484948592980366,-0.4558968638291157,0.49466707823209544,0.0
1.1666653552782864,-0.428569409370839,-1.4594099104749578,0.0
-0.5819946628132304,1.944182509738757,-2.2738161462801227,0.0
-0.8362332735339805,0.26748215457033714,-0.6058355672692355,0.0
-0.5675289553132911,0.31507424672412754,-1.246195101990976,0.0
0.6739167566096551,0.9089013704399819,-0.5653251380565186,0.0
0.16000455943040953,0.1258656416987441,-0.2209976327605712,0.0
-0.592060005938047,-0.36664542381515036,-0.5128754793997021,0.0
0.32164271891800206,-0.304623109098921,1.3080553599509506,0.0
2.1819835855248004,0.3822152330267254,2.365732901635487,1.0
0.7205580499604071,-0.14719606652650868,0.20731424164023002,0.0
-0.7429903145902319,0.6094818714266237,0.5147331679516615,0.0
-0.41502007047097617,-0.05898086891902531,-1.1679585957614878,0.0
-0.4714754218868612,0.614438858276511,0.9130897671002531,0.0
-1.4100385753510372,-0.1902255933985021,-0.15218558626555403,0.0
0.131419621119815,-0.03257678851374898,0.56085895934705,0.0
0.10070232334422123,-2.0872178680514857,-1.1039624611678978,0.0
-0.12350528726194898,0.796163417337186,-1.5644242450565526,0.0
2.5530937721449676,0.7156057066303535,1.5811629570539905,1.0
-1.3678637654730816,0.8769729260629865,0.279871060466723,0.0
-0.4964742701738745,-2.9756752024104816,-0.9417114194710796,0.0
-0.42820609827442474,1.9556849781465986,-0.9107639061875132,0.0
-0.8307877025697107,-0.24846947509327902,0.9955722629355384,0.0
1.9657214058907004,1.9727735300351337,0.7664707236299194,1.0
0.22596789704832884,-1.1391642453659092,1.489798559434628,0.0
1.524333137608633,0.4958536757230168,-0.9403442567815244,0.0
0.024947197160538743,-1.1525295062082528,0.5301978902679356,0.0
0.09763201185443987,-0.7274744646299978,-0.3937903188962758,0.0
-0.19320009954422018,1.7832048052690814,0.4965596400423044,0.0
-1.8088476549094064,-0.2990162278432546,-0.5996984717037261,0.0
-0.15121114901507032,0.104737586882964,-0.23534231156964472,0.0
-0.07522245573052179,0.7503978455561859,-0.04069335942131728,0.0
2.0298401960925623,0.3800130013045045,-1.0373922850542174,0.0
-0.29649487120409573,0.038439785839846766,0.6280731023746059,0.0
0.13617378500670946,0.2506891078916044,-0.5701727932294001,0.0
-0.15839258702779324,2.2673590697592196,-0.29822157383857884,0.0
-1.151758469438195,-0.16737465244217525,-1.0299029192975293,0.0
0.8731395796866612,0.08857831727145606,-2.528127745741739,0.0
1.4260626980022169,1.3904711679771902,0.9948255613043473,1.0
0.5649672333143333,0.9833397456626766,2.2254863674437386,0.0
-0.92461730492877,1.0639730947582446,0.6699052797645122,0.0
1.1008772313708446,0.5215326019005649,-0.09819553240200403,0.0
-1.3560203901486427,-1.241161429470835,-0.3309868885148774,0.0
0.38610800355031744,1.5056037067509012,-0.0583256573818741,0.0
4.110418237173663,-0.21775214674870977,2.210830175883063,1.0
-0.99570453341939,0.18902963318679267,-1.2080706209121743,0.0
-0.6240672469115054,-0.8565866488012461,0.9849535933967415,0.0
-0.04068912641034715,-0.1738245286731586,0.6037620301535643,0.0
-0.5690344754646491,0.2148773639884205,0.6064416724991306,0.0
-1.4863815249607326,0.2075513072057712,0.33917595382987775,0.0
-0.06792286970468352,0.30704014038401795,-0.06104813032583102,0.0
-1.0585734893289003,1.4860941906413556,0.5631336645931261,0.0
0.28688701677629985,0.33831583900582884,0.48569233951728574,0.0
-0.9334096248999655,-0.35191899222980577,-0.4180815214883797,0.0
1.2297734371318845,0.8434125132565388,-0.627874334630863,0.0
-0.8141225070339912,1.0663872002937536,0.017532674319190193,0.0
-0.4101138617865434,-1.3248601949042087,1.4003123610848642,0.0
0.5846645567985013,0.48064413809867834,-1.2637713756767295,0.0
-1.2062342765906682,0.583307809481691,-1.4820272642518952,0.0
0.07127246894722701,-0.4047551100923912,0.0776386035850056,0.0
1.0170855034617174,1.2506332484392622,-0.03116833166657262,0.0
0.7550260233191036,0.3964206749617616,1.6273834834626928,1.0
0.033756394570947805,0.01386282126602268,0.1533077005441796,0.0
0.09967522085629663,-0.2815938526294611,-0.29306405449681616,0.0
0.5568999905432069,-0.09495906086794818,1.343787524196432,0.0
-1.2115660194817583,-1.1949309974161926,-1.609471971917456,0.0
-1.284718031652374,-1.535032919069369,-0.871429323265482,0.0
0.32924134643659175,1.4670932382956097,-0.17845301156691587,0.0
0.1321768408776498,-0.948281632785673,-1.6498755567866457,0.0
1.7775890668253405,-0.23218536969964199,0.4163402210309286,1.0
0.17550739729551695,-2.2407488138243856,1.5077594858785972,0.0
0.1804836997731157,0.4462871223124247,0.6559990219289208,1.0
0.07547185327382934,-1.4193217733495684,0.14064500145572847,0.0
0.1287497142954338,1.5140956028007542,-1.2838922107785948,0.0
-0.7537637705263831,0.888653726344215,-0.6687315980526888,0.0
1.506452554140128,-0.7911678160960744,-0.4382959773405086,0.0
0.28709768868303254,2.117992785351991,-0.38337203010102694,0.0
-1.171578600124325,0.8609019067443561,1.144831550888224,0.0
0.44716285316759147,-0.4317315829970599,0.45308739847093205,0.0
-0.9818156958904184,-2.583066604623317,-1.1418013529768378,0.0
0.5615093207891354,2.1560880372603797,0.15574576151554168,0.0
0.8869566803900589,-1.4850939575694275,0.3962638697591819,0.0
-0.8469107111522751,-1.7381862653806535,1.0096318814070302,0.0
0.7159424743552855,0.9012707761854628,1.430430550830589,0.0
0.2336155264845692,2.303307565371267,-1.0497248017561334,0.0
0.5921482606607813,1.2591077101828883,-0.8545745898198963,0.0
1.533625047884958,0.4475111004426794,-1.2814203957110253,0.0
-0.3429471902505763,0.47802668436574386,-0.3034003848709911,0.0
-0.7882652053571431,0.7339236326051422,0.36581809390664005,0.0
-0.9072083345370031,0.6404464299401349,0.8636160616638419,0.0
-0.842642760790057,0.16781476077557703,-0.1523640154581441,0.0
-0.19552660155334556,-0.0072840934923677735,-0.38540958516647317,0.0
0.17086784232325364,-0.1722958234716919,0.0652142499964782,0.0
0.11439920275229044,-0.856278714044095,-0.8777795257453431,0.0
0.5966361383079456,-0.388047167369543,1.916783316306933,0.0
-0.11659493847096596,-1.7852360875620854,-1.6159284001676286,0.0
1.1453257780973216,-0.20766030555198856,0.09672944479352734,0.0
-0.35982678079990804,-1.0883978182323109,1.8537841440198914,0.0
2.2549108856157063,-1.2021670617888476,-0.07329472477636334,0.0
0.4201061772765627,0.06760003485849043,-0.2613762630562176,0.0
-0.8788633874102623,1.2667545744956639,-0.42133475808078275,0.0
-1.0660973509914438,0.7981310932630991,-0.2521581195594714,0.0
0.2946659728136296,-1.6640885458938868,1.23197854384708,0.0
-0.32374037954431273,-1.089423765092934,-2.1932484498737477,0.0
0.4974869039613927,0.8203457069120748,1.3854193504344534,0.0
0.2865762030894427,-1.0823593339793776,-1.4403974917795987,0.0
-0.19178358851918023,-0.33260415113627706,-0.3345810397960342,0.0
-0.8697845605378063,0.43380216706544017,-0.48993942563742765,0.0
-1.4550061671020125,-1.0683675385090243,0.4825765510455721,0.0
-0.5191363262385068,-0.006122241936793744,-1.6068160106227354,0.0
0.6222292505069057,-1.430140606859512,0.36181860727209025,0.0
0.05956355134510277,-0.7053125469856686,1.8544562537037481,0.0
-1.219264455498349,0.2059928606641351,-1.3823185798493571,0.0
0.023723510083214938,-1.6863412955102925,0.10147411498267411,0.0
0.2095571822657091,0.3253958408090608,-0.7123227045076089,0.0
-0.9022527512680715,-0.1297995508670466,0.32714748372017216,0.0
0.006680015708249549,0.43621396950792596,-0.061496150169251175,0.0
-0.07699330265918382,0.11114958362409857,-0.6927392681307164,0.0
-1.1292382302187722,1.2391904730927465,0.3863748526938971,0.0
0.1854406077532771,0.013514631681580761,1.6442808050645914,0.0
0.3632681716376217,-0.5351881741987545,-0.2622025468452205,0.0
0.8207790806251063,0.010618912418020507,0.6079439411934526,0.0
0.7951564943197932,0.4271202766860335,-1.3155274234270704,0.0
-1.3348369816930103,-0.06203370681013786,-0.9936766668360025,0.0
-0.9495289161786262,-0.07021372315646042,0.3715969267458453,0.0
0.3231913594073414,-0.8048612386269445,1.3382958158064624,0.0
0.32209694573706843,-0.7661882248510127,0.26000010292079395,0.0
0.32320223866185266,-1.497987483212483,-0.3789221562603506,0.0
3.247046899060812,1.620507693323778,-0.08046911423665015,0.0
0.37212111578650486,-1.340941896219225,-1.2745692688792762,0.0
0.8667822218088307,-0.7958718544049183,0.4978284573927266,0.0
0.7077304354526404,-0.8211013858737869,0.7632861111789125,0.0
0.44264057610558527,0.7749888530185386,-0.5117689258990261,0.0
-0.4041637634212054,-0.4021692185328296,-0.528922066446251,0.0
0.5368799616266249,1.1240360454387084,0.1742572899055273,0.0
-0.8049874057550358,-0.7766647611315316,-0.4970821653593897,0.0
-0.3354402137455483,0.16564098079631798,-0.142982426437541,0.0
-0.5531680877657585,-0.9367914577428542,1.9265133401658345,0.0
-0.056262155340105494,2.0118526624400426,-0.3158275979680151,0.0
1.89967951206405,-1.2852783724764096,-0.4221896808820356,0.0
-1.7637278597763575,0.1961380906714055,-0.6985247830019117,0.0
0.47318611824981316,0.5166321963257713,0.6312909031203395,0.0
-1.540740088070722,0.29900527837880875,-0.2529535735568761,0.0
-0.54140179889181,-0.2936791386558169,-0.7002745443364031,0.0
0.825946974019421,-0.23880494556474616,1.1827273083257843,0.0
-0.07167478208438278,-0.067028351636252,1.2766529695139206,0.0
-1.0721000172350441,-0.2558026337793306,-0.6535028286984386,0.0
-0.7545979872472363,0.8432066851743734,-1.8632898279924772,0.0
0.4673497523832475,2.0765278966757394,0.8828974655923782,0.0
-0.7677932591717403,-0.6619055819592862,-0.7339627609683318,0.0
0.0616351798012857,-1.4655357435657934,0.6756587035172682,0.0
-0.08806333565677954,-0.1977102107558896,-1.962246148699746,0.0
-0.6987932002331768,2.441768800526382,0.773093730584068,0.0
1.7501319089037537,-0.9054574509703165,-1.2370790610606637,0.0
0.42733472737160716,1.5112282223370426,0.6184604544452745,0.0
-1.902030048568397,1.5493998901656845,-0.06615398442632581,0.0
0.03535113258701433,-0.6580437551694394,-0.9912907987906476,0.0
-0.7077163415556635,0.45253083502866115,-0.4687193546530126,0.0
0.6187554679845275,1.5006226048049256,0.5759921752206365,0.0
-0.8222408832412804,-0.485447684445614,0.021391174949490728,0.0
-0.22849500623408275,-0.3117763488624886,0.47862046278764947,0.0
0.3143892204238633,-0.6858362057519133,1.8087169034892288,0.0
0.6304255510961169,-1.114283814161064,-1.5744407100367226,0.0
-1.179456479814803,-0.7527104430540038,1.4654709107295674,0.0
-0.4210111815940883,-1.321231841001436,0.01992110775616206,0.0
-0.5440416074163479,-0.07665239381831958,-0.9385892844403664,0.0
-0.7003077208942519,-0.8721162745723852,-1.350920155833462,0.0
1.4185709855169046,0.1209158633237723,-0.26049848921776847,0.0
0.22678333466469788,-1.6496396691951927,0.8008539493319484,0.0
-1.2325317820253818,0.2169725530932181,-0.20166651823530446,0.0
0.6760715919206035,0.714249560149354,1.3641317595925866,0.0
1.731045495590182,-2.0828005432424725,-1.4664050794736894,0.0
0.7764652498799982,0.25968747247579854,-0.0913431567725899,0.0
-1.4589681340474772,1.1041774828665942,-1.2764666352715524,0.0
-0.5521786563118604,-1.3070854065869062,0.26766189302347004,0.0
0.9818422118157589,1.5443262695653563,0.7676378173837661,0.0
-0.7479103128553751,0.30416940597361947,-0.4818341901958952,0.0
0.26080556644899483,-0.8078491305522147,-2.568144697927312,0.0
0.5506025131986146,-0.16554470070582125,0.11030491947589288,0.0
-0.9399851644852805,0.44198854902402485,0.3375160540260241,0.0
-0.18012953882635496,-0.03517848319933312,0.3065156783986322,0.0
-2.9673675925287655,0.4226267800762942,1.1010103256628312,0.0
-1.025358627674939,-1.0212061271981359,-1.1031946577835958,0.0
-0.34923697363569595,0.057179275634461194,0.5701613166982905,0.0
1.6693707479496853,-0.6165608957412818,2.328176894564025,1.0
1.3020240320450551,-0.22040902494959383,-1.7792504523154473,0.0
-1.3808029914358644,-1.0046193504855228,0.2256385044666692,0.0
-0.5134681333444315,-0.8380410757280414,-0.5615409677168225,0.0
-0.013454663108575852,1.1125116377812367,-0.15768778281224793,0.0
1.1345852041262243,0.9692758552921272,0.25241634798293716,0.0
-1.385814446447681,0.4922567465807224,-0.5453438609239931,0.0
0.8909584461198911,-1.1910110198640127,-0.7254379419482945,0.0
-0.11902046221593575,-0.42339866365870993,-0.047159064973401846,0.0
-0.9877961999133084,1.089761911321951,-1.118666525068828,0.0
0.27682257517227526,0.029830791054190852,-1.1173089267793581,0.0
0.04639357324846221,2.1841716379104366,0.5693559912894512,0.0
-0.6537807621155962,0.2787429000780382,-1.177476352961108,0.0
-0.06683739669181384,0.07962510212706606,0.5568762820772012,0.0
-0.46552332209685215,-0.4161846063875889,0.3622186093825456,0.0
-0.028542388001592,0.021742157826607215,-1.728817811859194,0.0
0.4520484191081956,-0.2612120347020295,-0.7272119163748967,0.0
1.2613819930331123,0.5901696206965159,1.0611915549269206,0.0
-1.212323582442961,0.8361065824272683,-1.0173056236535876,0.0
1.740574012860785,-0.8879613412742766,-0.5235350099335065,0.0
-1.838033318559623,-1.4273779089184147,0.3617118072036282,0.0
-0.26095000025437676,-1.9269537732402033,0.6687455020334585,0.0
0.38738707698142766,0.3921908913430754,-0.32013999212192823,0.0
0.1181669820349251,-1.2019467308223564,-0.6507190732262863,0.0
-0.6734757837388884,-2.2402546314662475,1.2792967295103743,0.0
-0.31030191626115466,0.2740543126196553,1.5817441536312433,0.0
-0.5598585156224688,2.355985633553928,0.8555167129388008,0.0
-0.6442741954054495,-0.11637765052145818,0.001730302315847676,0.0
0.6162752751512367,0.7191583469336591,-0.8520981086988969,0.0
2.373572671444321,1.2618060511480538,0.6556331161280989,1.0
-0.7349805176247545,-0.20820445390889217,0.4194754621017614,0.0
0.6600738330769244,0.7988828495711542,0.31999168259320065,0.0
0.14121275139911924,-0.397544046800447,1.259449572344991,0.0
0.5840906838814328,0.1541631196421731,0.5417195906030517,0.0
0.42357648609603454,0.20788825811555892,-1.5160004604048134,0.0
2.2727571141363443,-0.27130418568530784,2.440970410397935,1.0
-0.6187089653285787,0.8710689421896162,-1.033449058756493,0.0
0.5266520048585255,-0.28346160902519457,-0.44668047495291097,0.0
0.40670577894149984,-0.8580402560117826,0.1592767801358353,0.0
-0.14629473385573288,0.4204046354151736,1.8270884057417953,0.0
-0.025204756253515176,-0.9992378235388095,2.8917665579023732,0.0
0.9912626022493878,-0.08249162770572757,0.4999379683717138,0.0
-0.6462072271879591,-0.11939316125347525,-0.25483826516388713,0.0
0.3512780944614338,0.9639191649645182,0.43093350280597525,0.0
-0.30510752870293106,0.3592535950007379,0.7683716833284757,0.0
-0.3186756553407453,-0.13513111764192115,-0.3861932012026748,0.0
0.8345548724770271,0.698655350659863,1.6355505444198764,0.0
0.5950883160534656,1.2649790172240092,0.1400428900819145,0.0
0.5846579154428007,0.4414774637373202,0.39580650586095895,0.0
1.0156278690029523,-0.10012963465279053,0.556505306373623,0.0
-0.10958514981662362,-1.408188477204449,0.3230382211916471,0.0
0.4694129509142786,-1.164102590485969,0.7218240798894284,0.0
0.030630250762784417,0.22422216506223128,0.45761045453345245,1.0
0.1559882659286415,-0.7133700656714956,-0.6132550119320068,0.0
-0.24199135445200154,-0.2953447899424563,-1.1310005305151989,0.0
-0.04301528366306472,-0.05432710110293488,0.34015582161637264,0.0
0.39337882733711715,0.41366039928611115,0.6644896545165154,0.0
-0.8447542939725133,-0.18011698727910747,0.3576145539833687,0.0
1.7049676204017388,0.37093086488158483,1.5202023941659621,0.0
-1.009266094865953,-0.046586230196186816,-0.08513909749232348,0.0
-1.1916261920858153,-2.0647267055663985,0.5591973639212597,0.0
0.886532073479229,-1.0396684924151738,-1.1229232626491936,0.0
0.5655197739748286,-0.25291933406515005,-0.449669721926371,0.0
0.41875052477117036,-1.307138556595864,0.584801310104367,0.0
2.058830133590579,1.1424892540361784,1.2401920769356884,1.0
-0.13871302330623136,1.404020338145242,-0.3606804336924169,0.0
-0.9139886016343771,1.0953655312043655,-0.14820585354782007,0.0
-0.061579169653356976,-0.321533460697702,-1.5301357464996979,0.0
-0.721185212703788,1.3644233798331427,-0.4209370537506298,0.0
0.7262299900005906,0.03670705532763608,0.7709780642102252,0.0
-0.25680847553815117,-0.4438552078920436,0.46982215979879893,0.0
-0.8511285932060705,-0.7172189503474168,0.39859911054413655,0.0
-0.40952196406679753,-0.4096088616675079,-0.03223278394458781,0.0
0.2337473899511373,-0.49440005603116327,-0.07304312552369481,0.0
-0.6218131180951021,0.058223395109519134,-0.7107355656067076,0.0
-0.8482580822980033,0.04848633615977002,0.5879455715026229,0.0
0.08548772709101544,-0.10735814994210705,0.32245185691311595,0.0
0.08660845901279525,0.32189706730405143,0.39033693565355404,0.0
-0.572072059040672,1.0675504207299207,-0.5824236521807712,0.0
-0.5406190311737765,0.8290347924845662,-2.1373329622598414,0.0
0.07529335763194103,-1.579400731669498,0.9685484567459899,0.0
0.8772904515469614,-1.590856592645257,0.7817749240093791,1.0
-1.3609371820792198,0.8139633738715247,-0.9041830049833319,0.0
-0.7573491074127026,-1.4626427137025615,0.5828340622815231,0.0
-0.31496658352904605,-0.3327349896781962,-0.4543640832951005,0.0
0.1443734349484076,-1.267979842956852,0.9329878795883321,0.0
1.1644421925482282,-1.8930945938402928,0.509763374085888,0.0
0.6233337493151556,0.42530458940540516,0.5733653501393338,0.0
-0.26809249144740904,0.6406705791350622,-1.3849765286193843,0.0
-0.14464311665897925,-0.6807209489342145,1.0782326785523735,0.0
-1.0062105569316109,-2.673723877222522,0.16983547730870777,0.0
-0.14420242059399924,-0.650778443598087,-0.4326400826827582,0.0
-0.3808526045440114,0.27724524417519414,0.057217084382698395,0.0
0.15471998540948065,-1.5734783076391075,-1.777002757063424,0.0
-0.8526473728458772,0.0710287653984091,0.3106798454362888,0.0
0.3269680552702774,-0.12551785318366712,-1.0633669217904913,0.0
1.2147100127759374,0.462729091091155,-1.372282170454913,0.0
-0.2232597133092043,0.007930815360060172,-1.5344216292982338,0.0
0.22391879145622934,-1.073041534740349,0.983392939940455,0.0
0.47658836737397264,1.0734123257060755,-0.6810595757060126,0.0
-0.479457904978005,-0.267207011963214,1.3857002786416903,0.0
0.06832254635203908,-0.13738435828455992,-0.591755756640242,0.0
-0.11695365679931399,-1.0336658993231467,-1.7111898245735673,0.0
-0.04241947981136082,-0.5489165862010035,-1.1466424286861612,0.0
-0.8051490903381885,-0.9857185941904002,1.1010384445907349,0.0
-0.10651356708811871,-0.2814694322915584,-0.2287543291717621,0.0
0.30826679671075624,1.5830441220303293,-0.6036860966473252,0.0
1.1432317028372183,-1.4676114841996013,0.07310698666649579,0.0
0.7123461874016024,-1.7066891566895581,0.3996664294587906,0.0
1.7582248125685396,1.3450765601187107,0.987893813826649,0.0
-0.8001889276888651,-0.3174582880497063,1.304263604831119,0.0
0.6361769449578094,-0.7722940887469604,-0.42355462111072195,0.0
0.03262471850004591,0.9184197833032128,-1.3468440073882166,0.0
1.790304718464686,-0.7095150462242904,-0.47486218406180697,0.0
-0.8360621734016294,1.6961238373988208,0.16890860895358253,0.0
-0.8635895259673935,0.5603093739059793,-1.0006734367676295,0.0
-0.6530587268242279,-0.5930687988691914,-0.9943594151882975,0.0
-1.9885387926998301,2.0238818058327706,0.24870074949256216,0.0
-0.588551426053508,-0.7096133673985299,-0.12627985846766146,0.0
-0.792992591304078,0.6237931059267977,-0.04845418446261585,0.0
0.003761746269495056,0.18572247320160376,-0.8045420010972203,0.0
0.17139695325370752,1.177458181626666,-0.2999422553500626,0.0
1.5155598423376866,1.4344519716934636,-0.9629061527534933,0.0
0.7045961368138678,-0.07870949167766107,0.7708015314300665,0.0
-0.6333581450599863,-0.8557378382123779,0.9093991545225328,0.0
-0.915005036011141,0.34468488030361655,-1.8438432011985215,0.0
2.6331386502931293,0.054588374772079985,0.6043003934841349,1.0
-1.284522325688434,1.8814988992222714,-1.509740869120142,0.0
1.4763916153225471,0.024704583197371704,-0.700896482122722,0.0
0.9052167090689865,-0.47178903919470055,-0.15951786815046043,0.0
-0.5389873279181028,0.0723350407403811,-1.464942699587507,0.0
-1.62870784473071,-1.4431013954848169,-0.9606384108662421,0.0
1.0580211215688968,-1.0716021806661158,-1.0390834579621164,0.0
-0.22832278596845104,1.0772136688370548,0.11825398250950418,0.0
0.9563548411067541,-0.7602457782066018,-0.013532830266130296,0.0
-1.5247194296457012,-1.1460944390730523,-0.7694195696046484,0.0
-0.6530432893451136,0.4205460171280962,0.08916208496718829,0.0
-0.12339119301461253,1.0626611162122124,-0.602150389434429,0.0
-0.08682925307270649,0.6008983598956346,-0.33936124767716586,0.0
-0.5222466170370378,0.8750314741045934,1.519208335871021,0.0
0.4176380929679555,-0.8590789646731368,1.2010320340370078,0.0
-1.0632309858427498,-1.5169876333325651,-1.3215550478043063,0.0
-0.2527105910622166,1.374917534210768,0.7130256639358532,0.0
-0.022604540728939908,-0.4296030315261616,0.6955055612035652,0.0
0.32266887795526983,-0.3585240240328266,-1.1769692194074803,0.0
0.4953970802927646,1.2036283368967489,0.7025582665731003,0.0
-1.1131825369991848,0.4399140551535552,1.3897174423389673,0.0
-1.471884206075141,0.3406441584297622,-1.1523949495114993,0.0
0.9912730496420505,2.0314937115790492,-0.956475260881113,0.0
0.16312569778090671,-0.7470126771944717,0.8925937690552428,0.0
-0.7836664784810828,0.8075528390650747,0.17962446772185586,0.0
1.2308400411687976,-0.053967782560204916,0.4471491081452842,0.0
-0.026652581053123642,0.15535026061184423,0.2456443926230278,0.0
0.9050914951160813,1.4017623239019674,0.29352185507703416,0.0
-0.06883785644923265,0.3920369832772091,-1.3472495662266306,0.0
1.677251230135922,0.4221717816965903,0.920930605809537,0.0
3.4400310146302444,1.6948423388268656,3.226229460920287,1.0
-0.34607983075035537,-0.4714241589616257,-0.2989772186787206,0.0
0.7231212207867435,-0.9406127927158001,-0.12133470979701255,0.0
0.4373711111569586,-1.1440151118736799,-1.5427807339519672,0.0
1.0709503149883102,-2.055714085378612,0.4115835704429558,0.0
-0.9732674058651932,1.9238611727623462,0.4668146206637659,0.0
0.47300326833612355,-1.201790181459235,-0.13921619007953034,0.0
0.7992057938170514,-0.32926074115475973,0.9945389508567838,0.0
-1.6686582471055107,-0.38422666055203086,-0.3990062146746837,0.0
-1.16453111256709,0.19374987639773192,0.4596946220071664,0.0
-1.914372672413878,0.696647948506375,-1.0540916232616564,0.0
-0.3639878297425062,0.7409061352795318,-0.10229636309015375,0.0
0.5005895229191185,-0.6872178059487285,-0.2463893000595562,0.0
1.1880951963368065,-0.2757073299610488,0.13549195106097214,0.0
-0.06307695221991427,0.16918844834538427,-0.43287875915715723,0.0
1.2986989094556731,-0.3564050237820203,-0.20541543852161945,0.0
-1.3369675172771822,1.4797965266923914,0.7095043737289538,0.0
-1.62016491580965,0.37535636720623333,-0.49712468670335785,0.0
-0.1766450710501799,0.6166526530932077,-1.614892697560146,0.0
0.208460478273142,0.5454255503697653,1.5919530532944355,0.0
-0.15662565576246815,1.0505615221612217,1.2402012854333881,0.0
-1.9390848487202519,0.06871539399405434,-1.314562107146904,0.0
-0.20605477987873635,-1.3933445410711345,0.5792307317562466,0.0
-1.270713159863848,0.2850449361180937,-0.560389520274877,0.0
3.2279974348011877,0.2469105702935379,0.8632316939183089,1.0
0.19315903249314145,-0.6333390620679272,0.20134208315218394,0.0
-0.95132889475001,0.4697260274237862,-0.3037710666162715,0.0
-0.5781373268019914,1.114678130952218,-0.828688057590376,0.0
-1.0558664501267758,-0.08932736681395854,-0.7396109976698312,0.0
-0.1828922479209475,0.1951609484015903,-0.955222677398929,0.0
0.7087295748898407,1.5736520423387286,-0.8746065696497799,0.0
-0.9914906807015587,0.12780867300480808,-0.14398157987022475,0.0
0.31356510214660854,2.4635077470025246,-0.763707946588954,0.0
-0.5924957461469051,0.44909452147448464,0.5719155952793253,0.0
-0.8225493209855689,-1.8523174018054471,1.3412866835906088,0.0
-0.22174440114288124,0.6349191682515127,-0.6340387779425479,0.0
-1.034867437733461,0.26671339160948093,0.14896137424414854,0.0
-0.6129870997525732,1.1655977657689855,0.39766212675075663,0.0
-1.1773378367602958,0.555615557723798,0.37121089401242824,0.0
1.5931342963510573,-0.24734794598626325,-0.007216019013639319,0.0
-0.09709349980498773,-1.3215859849684812,0.6298485098423481,0.0
-0.7409513258903658,-0.3171610787203891,0.3810017019678403,0.0
0.059463832142648006,-0.9518027031112475,-1.2623909948263916,0.0
-0.22638523075881684,-0.6846911112324121,0.7506953565125385,0.0
-0.32155632365571707,0.47191674832253805,0.7680233152305962,0.0
0.4100314939323631,1.5416868982899898,-0.8091196297398447,0.0
0.5355996637422126,0.28008212384496256,-0.04354205986518597,0.0
2.052489114187168,-0.8941452099877241,1.778044323675304,1.0
-0.6324073105621972,0.3294796565731507,-0.27979351447267553,0.0
-0.36893278638078764,1.073471669637842,0.9454493210450995,0.0
-2.1444908732192314,-0.7136378748831892,2.1789120082031577,0.0
-1.4553073722294139,-0.24295656556862918,-0.830809640739875,0.0
1.069410911155819,-0.09584039332578412,-1.3993941173387787,0.0
1.3130235734114857,-0.8868818547573852,0.2105096929226818,0.0
-0.34614280805882147,0.5309807522095766,0.6096682193521888,0.0
0.37708498518066524,-0.23002721389907946,-0.30038719784015055,0.0
0.14467354631839444,0.3046773535261117,1.3088132025811718,0.0
2.5691459001264363,-0.9883793161190679,-1.3588434118594965,0.0
0.8527741822219082,-0.543154874915232,0.5822987005932506,0.0
-0.24004182652777023,0.6042897720955035,-0.658698180808221,0.0
-0.9650477857710859,-0.47922036476158086,1.5630909170060072,0.0
-1.5352478982497524,1.5981364615391407,1.8240765073561866,0.0
0.050251469342701846,-0.5057369587780766,-0.8123401608795441,0.0
-0.7905556046070908,0.1119119401277091,-0.6048994410416549,0.0
-1.3738933144329115,0.8122527728853962,0.7415528663209818,0.0
-0.6943890916441736,-1.5135795149513325,-0.44969929239865536,0.0
-1.0754316812761828,-1.8523629624716196,-0.12318292252795403,0.0
1.3499683538708005,-1.619723500207327,-0.055533152606308964,0.0
0.6443405882259378,1.1387194619084984,-1.9140591420718494,0.0
-0.1349688409974042,-0.6563321485965699,-0.09301415116857586,0.0
1.1684612584197474,2.420488622844168,-0.7388339020826051,0.0
-0.06020930936730843,-0.668589197365868,-0.5509758842720265,0.0
-0.8824783699546056,0.07220741670230071,1.2996129208044536,0.0
1.206287319745014,1.4152580653641598,-1.2803970781809182,0.0
0.34410590428622295,1.8742824934451563,0.6972337275989514,0.0
-1.036622814685055,1.9291010172243621,-0.34634394353083264,0.0
-0.2947233276700374,1.0850810063525858,-0.3471057126518496,0.0
-0.8950351440602459,0.9027469242320543,0.6754162876312378,0.0
-1.339331231407467,0.4758230956698714,0.24513040287776885,0.0
0.6833561417693981,0.6596712446099815,0.4654344393545055,0.0
3.482343546498988,-0.06583534604572074,2.824645135936131,1.0
-1.3531440207067313,-0.9198265475091606,-0.3963605526285938,0.0
0.36518199990444594,-0.11371001294378083,-0.6647904308174476,0.0
-0.697954176625664,-0.27873750590958873,-1.1166643374393628,0.0
-0.5547114738067215,-0.5587560952666998,-0.8684801462969235,0.0
-0.6469277764931487,0.5785736542678983,2.7380974760556938,0.0
1.0501382058858468,1.7729112055457272,2.8809582570176198,1.0
-0.08547929159550907,-0.022909521007591083,-1.370757253118019,0.0
1.7003354057668172,2.115885046090876,-0.102035861290797,1.0
0.10893817907652609,-1.2398596925919168,0.38063584578476267,0.0
-0.17199381716726148,-0.30196147103651966,0.4431249984958224,0.0
-0.3373056247635437,-0.8195333789473876,0.44467200560566494,0.0
-0.9230196440910363,-1.9569608723126384,-0.32340488177138393,0.0
-0.633242226943588,-0.19216870906534284,-0.19966485798088504,0.0
0.533745602227479,-0.230818031051252,0.2335001532679653,0.0
0.3108237793646188,1.3869041428698605,0.002279590416663244,0.0
-0.9843329761838369,0.5136986885028761,-2.2003559749168424,0.0
-0.04096862588761604,-1.1236131299744885,-0.29936791386770434,0.0
0.5302379681117282,1.723906573466744,-0.8933194955002204,0.0
-1.5904005826670256,1.0976130962199302,0.08762423614317076,0.0
0.3480042794060328,0.46550530553043995,2.772653095067436,0.0
-0.7084498196960308,-0.3344353192103457,0.27134039943419347,0.0
0.3718654591647857,-1.0595574889357302,-0.37937282799880834,0.0
-0.7966074425142198,-0.47860068271593487,0.8009986040570358,0.0
-1.709079642352957,0.9667417287307682,0.381421108344866,0.0
-1.5537283099635177,1.7540744316063908,0.3216124852998952,0.0
-0.08586182880206977,1.4163795267357848,0.5000598284732678,0.0
0.09953480298675794,-0.5939967881159229,1.8852561105393384,0.0
-0.9201752070000966,-1.2180238880843228,-1.1603673714028526,0.0
0.4314287048237606,0.029009001520957665,0.3727681900099542,0.0
-1.583493051460006,-1.8599119696123458,-0.9649585748057246,0.0
-0.1858712966077794,0.20934245744514346,0.45100590151740755,0.0
-1.1888471262940092,-0.256396800102263,-0.957606289086948,0.0
-0.6989997285419133,-0.5714276660319652,-0.47859025243044767,0.0
-0.08646301292272639,-1.6880323618835982,-0.3617534396000576,0.0
-0.8817155088007347,0.39773973091642123,0.8526106900210706,0.0
-0.4648592603492124,-0.6373795732721387,0.7978004562860941,0.0
3.7723147204587373,-0.1778641665692152,-0.15902697179935488,1.0
-0.6333478202831816,-2.951938448412044,-0.02730194684474864,0.0
0.6040899881008279,-0.13759247568415067,-0.7578027657624243,0.0
-1.1176193202880687,1.6429402244652556,-1.2823062030353172,0.0
0.3361290740743828,1.533133999242947,-0.28715402937848045,0.0
1.134843917577918,-0.5625829636460231,-0.37455046623679356,0.0
-2.2931702260337716,-0.7061479392602332,2.2389600772728175,0.0
-0.8260730042666639,0.3533929267384826,0.33390544279657247,0.0
1.5344041024057586,-0.3210398958382206,0.39119543891329617,1.0
-0.30585453194106244,0.18819508280883046,-0.6194393124174872,0.0
0.19714279983101565,0.6475216896461695,0.8961500138744023,0.0
-0.6570818392765557,1.1034495773126367,1.9157361261313295,0.0
-0.052131200076968975,-0.2094553645189109,-1.595215124568193,0.0
-0.2643595544440335,-0.31186874089308936,-1.8760787897040045,0.0
0.895004131804145,-0.9789713524718698,1.7079340843295243,0.0
0.09489049676363198,-0.9284152407119526,0.29248823817816105,0.0
0.16775860858049252,-0.33443016790782076,-0.9094545234914082,0.0
-0.48879310135932497,0.2530679157084244,0.43105144872000956,0.0
-0.5551326947637897,0.7934496833650876,-2.5982756411688697,0.0
-0.506910060057139,-0.9049671302594533,-0.07656671429934295,0.0
0.21755932643581777,1.3663648397611783,0.2334443979956864,0.0
-0.4967713760490836,-0.37859776655925637,0.8033574121892673,0.0
0.12586096908318417,-0.13151056346243045,-1.0485798717731185,0.0
1.6900872952709567,-0.8495979715343966,0.0020829035444417704,0.0
0.63512929534024,-2.5087044305801345,-0.9640446256437899,0.0
-0.4135846277111941,0.7642261342689097,0.16422971398370312,0.0
0.9242907786383557,0.6185977526381512,-0.9353045025507243,0.0
-0.48546286747838,-0.3886926746743964,-0.46973652022503115,0.0
-1.9134023663454869,-0.044096819081662415,-1.0313037163938197,0.0
-1.0110784978931098,0.40005384436395636,0.5423752131801243,0.0
-1.7668173094382178,-1.656218810196258,0.7404666707913052,0.0
-0.4359140825211322,-0.6337703982529355,-0.3039743701581577,0.0
-0.11185004098138442,0.6754048889327902,-0.04325525441825232,0.0
1.3405912591881826,-1.3512566610838994,-1.4639357782002724,0.0
0.15840694840052433,0.18004911018191933,-0.36613611006055313,0.0
-0.31991899885874203,-1.452455861080777,-0.1277630638095637,0.0
0.5985829236728538,0.3510737059546778,2.4244022339976534,0.0
-2.0649615483732595,-0.14563220556826106,-1.142287773394345,0.0
0.07841600134533626,-1.7082427919252692,1.3192441007068887,0.0
0.5473009542449488,1.0419203632962712,0.8727165853425686,0.0
-1.4232411840268993,-0.8371127380935444,0.18835887507982896,0.0
0.8739553454086566,-0.9119650234360249,1.600587596780157,0.0
0.16854153857772977,0.08805413019965477,0.27575849386827284,0.0
-0.4917811259995223,1.0259904376844036,0.2920534985638356,0.0
0.4263385670662586,-1.1153375200274194,-0.13054936564804998,0.0
1.8611651078685048,-0.04935093011311439,1.089340385124556,0.0
0.03133194602718383,0.3138621928018483,0.9678953866657762,0.0
0.08945900912496019,0.5753268865479003,-0.6776330150011896,0.0
-0.5303895057273532,0.06418433629304121,-1.340346069063827,0.0
-0.8724569619152059,-0.47347709215579636,-0.2737420949057113,0.0
0.5993978192267462,-0.9291175210958859,-0.8442369768257963,0.0
-0.8779227886612959,-0.025148339918409306,-0.14049041785591881,0.0
-0.06529198155414763,-1.1710528606752817,1.1025925957990939,0.0
-0.5464174655471177,-3.000502120546398,-0.5167483969676141,0.0
0.29160642920501734,0.32152274524470853,-0.12071021848942463,0.0
0.16430664110852133,0.783903023847133,-0.02435073558824619,0.0
0.78091072396591,-2.448051792249322,0.7308922355286216,0.0
-0.5747642337940378,-1.1093115004715648,-2.2267175061375597,0.0
-0.36439789080507484,0.5021658458759695,-0.6595003067033783,0.0
-0.9853916089484203,1.9251357442635075,0.12209165782315574,0.0
-0.5171901016571947,-0.0898001289684211,1.066895523497354,0.0
0.20253430871086486,-0.8305945141636031,-0.5498098037305635,0.0
0.5351449326890282,-0.29131347542466995,-1.8728571162592318,0.0
-0.9358108473241741,1.249811728558437,0.5123485032223158,0.0
0.6337988258355085,-0.7494324864964655,-0.686887227179652,0.0
1.0595677039113003,-0.9010227940289157,-1.2165305581045969,0.0
0.23418841630501108,-0.5879561412326803,-0.6763603732120564,0.0
1.516107325285905,-1.0535121637284979,-0.25610788864229156,0.0
-0.805831865952954,0.010987741191173303,-0.6576316822617247,0.0
-1.2183147945186903,1.4969441755456168,-2.187232697543292,0.0
-1.6861615964686636,0.20925496153120224,0.7773637701180535,0.0
1.182565171925339,-0.36002826052970727,1.1383639383124955,0.0
0.44524618491337165,-0.3990643488089271,0.5427438007401283,0.0
-0.17667745890702177,-1.656856869514971,-1.1668621982190748,0.0
0.11727061223971781,0.7633005138600253,-0.27231924151512316,0.0
-1.1139244785208997,-0.18737698178505538,-0.08602322755210631,0.0
2.014518663378622,-0.2889227729331212,0.4923620444822658,0.0
-0.01478566871818945,3.04861174711086,0.558814044919353,0.0
-0.03215378392797194,0.18518856854503166,-0.7813025277795046,0.0
0.5077941522884405,-0.8541284035154875,-0.00144446232326697,0.0
0.29338420931134496,-0.5321728021532094,0.3571440020092762,0.0
0.06813993545313518,1.0258008454793353,1.3112608934721457,0.0
-0.8204483187153815,0.001688290941067589,0.593371072173311,0.0
0.28502630697784703,-1.5332789615219389,0.6741595924522759,0.0
1.5206877051084702,0.7990336719341432,0.0003051450112162976,0.0
1.0506167970223206,-0.7713753599855808,1.2679159195535907,0.0
1.2676628193060415,1.7429065405057254,0.3117404468210824,0.0
-0.575814813041131,0.9581341560967741,-0.9025702435569122,0.0
-0.9948885257607555,-0.5529130596679918,1.2611421411372803,0.0
-0.23817533691822965,1.1569547377753968,0.5870615835624567,0.0
-0.07916914189267882,-0.043241267679546475,-0.5031250836614042,0.0
0.8305380740912293,0.733288608649631,-0.537952420103049,0.0
-1.610600804500318,0.36918094150117975,0.20358888502048275,0.0
1.211916772688393,-0.9476834017139947,0.36278570693551715,0.0
-0.2664012388916007,-0.7470439414072078,0.10872270829144709,0.0
-0.5019368475690468,0.9085821819507276,0.2176665379766006,0.0
-1.0145983627641983,-0.4415692622906101,1.5445344028077324,0.0
-1.5776558542919765,-0.5097063578700285,0.9440782638669338,0.0
0.5931210032506282,-1.05528696295215,0.10236218867556232,0.0
-0.0637574484417891,0.3087005159112915,0.8196397259607162,0.0
-1.2580034793309505,1.9301114449146382,-1.0663790673948694,0.0
-1.2624867870797043,-1.166495987534858,0.3004312719176522,0.0
-0.42213550851439524,-0.08641099037380064,1.6490184534313719,0.0
1.3340949550286638,1.2867567743291535,-0.2881371011408509,0.0
-0.3553893676119444,-0.18916189489797944,-0.8897148282426537,0.0
-1.444753107215793,0.33716575723960673,-0.7028695667118847,0.0
-0.34325812834964387,-1.1614115251814585,-1.1209474217853,0.0
-0.36689332330463686,0.31335823358432613,-0.8296399774046229,0.0
-2.4904846138455543,-0.2955159035455825,-0.4338162767733891,0.0
-0.17554757725631698,0.8648240473957893,-1.422825533624882,0.0
-0.33028570338567054,1.0643250389649654,-0.06486856906263175,0.0
0.48189906732746385,2.451517793599139,0.7823429111972193,0.0
1.4917194519999712,0.4630671132952744,-0.9471622470523653,0.0
0.8588975961576896,0.21194296841129487,1.3718990949162557,0.0
-0.36353393047160354,0.08193533148452557,0.4082749566692602,0.0
-1.0973125779744208,-0.4597636818942617,0.9049381175847607,0.0
2.126304403318535,0.22449490582730075,-0.7083596079210988,0.0
-0.076108781642064,-0.4026161227976424,0.7367154436208475,0.0
-0.11578252669098558,0.056289044389567444,-1.123145919680275,0.0
-0.14911854634811555,1.1931449748023615,0.7708484371456187,0.0
0.045539520530250364,-1.106157432150562,0.08440218047733933,0.0
-0.2544459029990162,1.0173252530805448,0.4488450857834126,0.0
-0.630518428047165,1.1926676625914139,-1.20308456883436,0.0
-0.6070386723401465,-0.22717836631374158,-0.9350403230345976,0.0
-0.15667692173122907,-2.2095506107579506,0.49086555197238463,0.0
-0.6040303047062551,-0.7116979136504556,-0.9859481450977512,0.0
-0.7524448187819008,1.172762166430459,0.3628062473752565,0.0
-0.03475077443008786,-0.1329952929584794,-1.3861060325839216,0.0
-0.3513473397621837,-1.0989944753853595,0.7306469851910875,0.0
1.1895282931912903,-0.6097520944267621,-1.257480525628458,0.0
-2.450261003885166,0.7212648440283884,0.4479361259289844,0.0
0.8281862791301493,0.43051910082242284,0.5180046335108938,0.0
0.9635984638059932,-0.34675028984670253,-0.7455645576467265,0.0
-1.9442954726390491,-0.4732758388801304,0.4763402206833402,0.0
-0.4281825139399503,-0.4979431134576764,0.16906316916323685,0.0
-0.4533706700047732,-1.0229241599571717,-0.5946608830060465,0.0
-1.3609791607812625,1.4877408236714638,-1.0434762360242738,0.0
-0.8093599864696659,-0.42924750241810183,-1.955100723710297,0.0
-1.100860363372923,1.0937793348596143,0.2543021080977909,0.0
1.4070218465615345,1.3946863856337914,-1.5749769037532102,0.0
0.691678978308586,0.8772704998775018,0.01131030096435524,0.0
0.9859103551596121,-0.5373792769004462,-0.33151947730479975,0.0
0.5042072765770678,0.289043877047603,0.5691357390266619,0.0
-1.1170454605902742,-0.13430864981032506,-0.3683995715874946,0.0
-0.5874697678744523,-1.004415768894925,-0.3945827335521161,0.0
0.3007123222780282,0.21052129090032926,0.619517807805606,0.0
-1.198581007909567,-1.276811209221697,0.24035928725514333,0.0
0.49660908586574587,1.064615241019752,0.22229816656699422,0.0
-0.33851219838042024,-0.5700236282623976,0.36859787857990733,0.0
-0.4563315328797048,0.08863827870946228,-1.5470467240948647,0.0
2.824274127393207,0.9581971687046347,2.5833663772828066,1.0
0.26119441272953714,-0.3665097176338386,0.5054280761019584,0.0
-0.44419472705264096,0.4700522858115621,-1.0512430468740541,0.0
0.887599868328502,-0.5802000589963814,-0.3130134037423581,0.0
2.6011293438073295,1.685383375985399,1.518982732981465,1.0
0.4115810742101657,-1.441967039822217,-0.20830508140958093,0.0
0.39157795431012443,0.014657364467755427,0.23921452641628815,0.0
-0.39915052826269,1.807836373518521,1.2878933776019734,0.0
0.15771108845921225,-1.1000125699597711,0.953846993496832,0.0
-1.2239728324444734,-0.7808736419301286,-1.3336307429375314,0.0
0.6814722572770635,0.3980441852070412,0.5146021161698202,0.0
-0.2899608623861032,0.06729100388180492,1.1900171693912767,0.0
-0.5858953624696922,0.23651135664841433,0.28980740487045725,0.0
0.7909579302529921,0.373587651862894,0.9626507745657794,0.0
-0.7449969003610445,0.5175666893064886,1.8429526978764634,0.0
-1.3618110213960344,0.9874690487982274,0.8983727699012535,0.0
-1.4916075754954603,0.2950673761534914,0.1584248371891851,0.0
0.4028860998434556,-0.3490509924760302,0.918800551596573,0.0
-1.2496537478552925,0.5550144015105274,0.058649743510838584,0.0
3.1582028427821243,2.1786217276067505,2.211578248162768,1.0
-1.951775876440612,-0.24158792965799683,-0.4155718978708135,0.0
1.358128154072805,-1.0744862918675075,1.4140652161241711,0.0
0.056868701744038484,0.9848778667862941,-0.8618089046649019,0.0
-0.21270638781112278,-0.22946628851442963,1.3844007990051324,0.0
-0.6053393403021817,-2.259822210186683,0.39783317589897876,0.0
0.2216625331048065,0.7279938065790236,-1.4168432335634111,0.0
-0.1609531055567767,-0.6399788415567025,0.2715005692205069,0.0
0.8385188444003618,-0.1999373861505892,-2.0863885916752882,0.0
-0.027920155053042583,0.2180608948818898,0.5178871852522441,0.0
0.0036811314292213575,0.07809222398534627,0.7660555814105011,0.0
-0.44651269036973323,0.5914984072311206,-0.6457941457455598,0.0
-0.17786966728912823,-0.5412040188429207,0.03825902685170312,0.0
0.1416527257239052,0.39725070511336186,1.7874251277842608,0.0
-1.6261094793121518,-0.36714456373236126,-0.56303813094295,0.0
-1.309008747894253,0.6205433198833238,-1.0915889435874655,0.0
0.5231221125122224,0.4984195375319467,1.3359523068120402,0.0
3.517148087232902,0.27373262884719807,2.9583679580304354,1.0
-0.28915598424440364,0.9640047903590239,-0.07626079316736473,0.0
-0.11183641562934661,-0.6406073118091445,0.8866711051900468,0.0
0.17650035109996573,0.6890506028553908,1.2020017465952648,0.0
-0.6008196481956396,0.25299055793344555,-0.7892432312056503,0.0
-0.8097875125124814,1.7081676995515462,-0.5435066741802528,0.0
0.04357769098632022,-0.33144945683499544,1.0963209891089565,0.0
-0.9850491431727684,-0.45595532412477113,1.530256123721033,0.0
0.2296488028447678,-0.12958368962036704,0.4580463042823729,0.0
-1.619465128193683,-0.41031136933356505,-0.9204635493691486,0.0
0.7735659865695512,0.6810214397339692,1.818864924523241,0.0
0.2860154321034551,-1.7094089868990454,-0.5871401027451014,0.0
0.09629990151024408,-1.1527935103361016,-0.40001958109846575,0.0
0.7328624817900461,-1.1667631093369586,0.24731521487521305,0.0
4.118518894500617,1.8693128438264965,3.2549197806113317,1.0
0.7606136761721616,1.5819607177000223,0.7361906292047221,0.0
-1.7406091116604891,-0.21370460511644837,0.31661613243528186,0.0
-1.24890704933597,-0.2773891716503875,0.36288482663332733,0.0
1.850856533187291,0.7189036438187811,1.274270326680657,1.0
-0.10512870381716802,1.0390898870266747,0.45351590060168295,0.0
3.3936898159994975,-0.1489669425268287,-0.7490124057347094,1.0
-0.7637436235065009,0.12544995576029733,-0.36320346902019435,0.0
0.035624841680778375,0.8544042391193333,0.1507935021693258,0.0
1.4662804581995115,1.2051880929641967,-0.047942024979307905,1.0
0.4359083726225463,0.6064188580417139,1.3404269036839542,1.0
-1.3602340284724646,0.8799764637344593,-0.27516636258724875,0.0
-0.9367463577036389,-2.784714922427538,1.5975827220972596,0.0
-1.312074067925454,0.5602593623362833,1.423244196265556,0.0
-0.9828595343919875,-0.7574573042218377,-0.5248739727480871,0.0
0.7950161089501212,-1.9214408491087562,-0.22391900242433202,0.0
-0.9596677245078092,0.3953678456257961,-0.1504496910636034,0.0
2.1780084994832247,1.2486068697874317,-0.5113572379941639,0.0
0.30416672756754654,-0.2463512432855587,0.10655629781110537,0.0
0.033933580892430475,0.8323197195647528,-0.8043382234585591,0.0
-0.8799147955280131,1.4846764939193775,-1.1601064212223418,0.0
0.4854937874814526,1.1904905664242802,0.5152148213481166,0.0
-0.6322492657229579,1.5120668867814897,0.5217298335280224,0.0
-0.021102899198240255,0.623824881738369,-0.8483238801157225,0.0
2.114675137364792,-0.03574412548733638,0.7757291158004926,0.0
-0.21213416738630295,-1.6952174907849598,-0.6832709466340587,0.0
2.4323372787957913,0.3953783218847068,2.126167702398544,1.0
-0.7439743640884533,-0.9446065787234046,0.7040549478431143,0.0
-0.1586349972310103,2.037370600414039,-0.11190919015457679,0.0
1.4232544817453416,-0.28437776816038507,0.35471749129125085,0.0
-0.6772141900199488,0.011516519967788862,-0.5732457876956016,0.0
1.4597384815941252,0.4352201268912133,-0.2675178505217468,0.0
0.49201310360287526,-0.06723514342144471,-0.2764928111676394,0.0
2.225416734492891,2.5176721000573337,0.6810193270060977,1.0
0.4260108279981474,-0.7263668306342337,-0.24870154394123384,0.0
0.7239827755385702,0.08215610033884152,-1.5595124767532644,0.0
0.41672706864968534,-0.8449075453520453,-0.5490944129678004,0.0
-1.5035174111717033,-1.4162872706910576,-0.35199345725401204,0.0
-0.7649642232533891,-0.7156028354274695,-0.324574386907035,0.0
-0.34481354685332993,-0.14701260882538011,-0.310545294577291,0.0
-0.19318916109881876,-0.5350859617179556,-0.13880836199048335,0.0
0.41573028773079734,-0.7953928112382708,0.3783191698464037,0.0
0.027683141422798013,-1.5016600035151202,0.7558178554898236,0.0
-1.2977598469066318,-0.19258905515779573,-0.700649284436471,0.0
0.20507242349358407,-1.5990112985397185,-1.2294626194175216,0.0
0.4068945414627039,0.6415617557878934,-1.075476009667752,0.0
0.3623973489051564,-0.028812884615451045,-0.5453193588561502,0.0
0.8187900842999168,-1.552346509794148,-0.41605641994357023,0.0
0.6025394874733442,-0.4162762294970449,-0.8155310662462947,0.0
0.2742616516504897,-0.8544898545182235,-1.3182446136047399,0.0
-0.1894505974213246,0.20539192837583595,-0.515620104252698,0.0
-1.5830032490357286,1.2157536600117633,0.09356292369334218,0.0
0.24836516418810708,-1.9655044349829274,0.4887646218209764,0.0
0.05395178086132,0.0034251970158951754,-0.6124154044031871,0.0
3.392364534059089,0.42280429251493673,1.3588814312536253,1.0
-1.2464293503805701,0.5537939602982803,-0.9652616424167427,0.0
-1.075001154553082,0.10054661397735638,-0.10983248991331505,0.0
0.7945877897121528,-0.8543047798932151,-0.8904741774461409,0.0
-0.16263544037145442,-0.4260158777673743,0.4678373714728959,0.0
0.4690167543988551,-0.8978904802924681,-1.7862055223863054,0.0
-0.10317754385750234,0.9541364136884282,-0.4234218306833921,0.0
-0.10191804865516203,-0.08928772312010963,0.20791906002541422,0.0
0.6939613462120188,1.7705013632134063,0.09586369284996452,0.0
-0.5800451110883696,-0.1703841597020659,2.4934288313701876,0.0
-0.043781957219311864,-0.8112077608603994,0.2544454128929386,0.0
-0.5329425400161967,-1.6079091995593133,-1.039176357203144,0.0
-0.5086078022955851,-1.8942414439276734,-0.17100909762281333,0.0
-0.3988226238086181,-1.6775781667000502,-1.777013363768434,0.0
0.06660669649113672,0.15390029567815222,-0.1568059197914628,0.0
-0.547373345758412,0.3929167467714574,-0.8757855246166154,0.0
0.9720702986748864,-1.6746644010210754,0.7948726124365132,0.0
-0.9116697422714931,0.7751015725232703,-0.6048833298866734,0.0
-0.2916861710023558,-0.5882702773497702,-0.19136305730349423,0.0
-0.5131935668863227,0.034852641991496666,-0.6870739840935222,0.0
1.1395824871072255,1.484619480065412,1.581697991080371,0.0
0.04419923889770324,0.7768833273098041,-0.38674275381966017,0.0
0.7759214919541165,-0.37603252387610725,1.6712347262306309,0.0
-1.429350589811574,-0.9920398219464032,0.6981381899294538,0.0
0.10595399825271579,-2.2391909302349124,0.38082758380922954,0.0
0.6513408186634454,-0.8218394665970197,0.2725362029803512,0.0
-0.055903122705481374,-0.31924554330508215,0.29648525241211815,0.0
0.8053868230257356,-1.0870013235503622,-1.9217026717158423,0.0
-0.5811346239960595,-0.24022586377618915,-0.34626794590620463,0.0
1.1066178386566614,-0.034341037965605475,0.7277649359786184,0.0
1.8858732050646647,-0.3328246015812855,-0.1265137978253835,0.0
-0.4458349636162144,-0.7534277304763936,-1.4224651416095584,0.0
-0.5182494267683774,0.05648067009337941,-0.12986502698005328,0.0
1.1451947269544729,0.3268460864675258,1.5484979940949217,0.0
1.255736396780008,-1.18911778388749,1.1116255878207477,0.0
-0.5860153816624656,1.2854823651764766,-0.139037502396408,0.0
-0.4960726145851131,-0.2079061553051757,0.8293273527077124,0.0
-0.37483088491344285,-0.0917234375927986,-0.4299932061054202,0.0
-1.3057369281433668,0.5902742371687155,-1.707858562080167,0.0
-0.9327330930457398,0.12035217194508463,-0.9631286374155721,0.0
-1.0076221614285357,0.8325790053985158,1.4135639647692178,0.0
-0.8005831341667035,0.17368409980139038,-0.34159520307137087,0.0
-0.15836903784581424,-0.7162639773268655,-0.3123478964021147,0.0
0.0771897400323321,0.24726858010881228,-0.366290471062999,0.0
1.2302693357484848,-1.2418750157071745,1.7396297057625627,0.0
-1.0025529311038812,-0.0029720713115482587,1.4738281273484677,0.0
0.7342916173658464,-0.14324648512050195,2.040274886642722,0.0
-0.3154411116319124,-0.3162643652512344,-0.23176135048812221,0.0
-0.17131543513848532,-0.23753547048749932,0.20268014102686704,0.0
0.4631639512839522,-1.9721096593928502,-1.5289593250777418,0.0
-1.1115005360812122,-0.6532323948336558,1.3314337221334898,0.0
0.20701006596810057,-0.018518934475773977,-1.1956172054330645,0.0
0.017829085598806402,0.0477764158606872,0.12733919651514738,0.0
0.3034075449303039,-1.127064167519112,-1.1282756972503143,0.0
0.12532992039383273,1.1418098164899761,-0.6424602478147092,0.0
2.0228829480529438,-0.967289801243499,-0.8798047575215572,0.0
-0.6866513822058222,0.848725156864558,-0.6606229985027307,0.0
-0.5931434124876245,0.31225738986354346,-0.5949292351104101,0.0
-0.673862109970009,-0.749692805182041,-0.6036684182145287,0.0
-0.6145882830793441,1.6459668262244194,0.7164669277478578,0.0
-0.686342275964965,-1.2912522537032718,-1.1354996072572459,0.0
0.9136057411088666,0.7989597099267887,0.13093751690196437,0.0
1.116391314766989,0.8795176454905486,1.0839802313208422,0.0
-0.6279642339507917,-0.7738250216078982,-0.5701563565845421,0.0
-0.8571365999956576,1.2672126400657306,-0.7657707989164928,0.0
0.2849800529889111,-0.3577459273896412,-0.3000606535381782,0.0
-0.6117376806801786,0.17523679128107736,1.0474473115659995,0.0
0.4264699262226705,0.14716820532054994,0.10567975767923317,0.0
0.04977788513871662,-0.24324502435549045,-0.5873726708426097,0.0
-1.4557918520564823,0.6917716838721065,0.38255698433789925,0.0
1.2276454302124158,0.674637222407103,-1.1330433316809467,0.0
1.445222219366428,-1.8402173242375726,0.57125385172158,0.0
-0.6647937973275205,1.1800293605277816,0.31063636611577494,0.0
-0.46761520182335586,-1.7550968338700754,-0.37390614922716364,0.0
0.12243623730491317,0.911139939118224,-0.8810692484411939,0.0
0.16500279291714812,1.004292610946538,-0.9270246252195489,0.0
0.4489066949339979,-1.1896790734562912,0.431231323710619,0.0
1.6329747143616755,-0.5167956026204481,1.094511242780834,0.0
-0.2829922819519668,-1.2042598066561574,-0.6887460365986638,0.0
-0.8273011608239149,-0.3229958232160486,0.35820108182089405,0.0
0.45274470803832545,0.4106883650258148,-0.9391424185639858,1.0
-0.7682868104564697,0.6609568136441072,-0.6384001935759988,0.0
-0.1570042890268244,1.1859340793800337,-0.10946916913644618,0.0
1.4440660528710951,1.2703967551091444,-0.9490037413209145,0.0
-0.5814174429185183,-0.6665318493234463,-0.9746333485252349,0.0
0.06805577485176532,-0.31735757259824154,-0.7178621584056499,0.0
-0.14237134935231235,-1.7758191894980082,0.1994010592703802,0.0
0.9130597611160005,-0.9076294865736857,-0.25878681481758875,0.0
2.085633552694226,0.8441688083589415,-2.2184446034758842,0.0
-0.5930311236920066,1.4879457441432298,-2.106142468343351,0.0
-0.5567386126032527,-1.331529211108742,-0.6596578541636479,0.0
0.7867107278553098,-0.6965043111615952,0.35753211247763683,0.0
0.469359092352732,-0.13649518087134654,-2.7050606829553043,0.0
1.489749507502368,0.16679550589599595,-0.5572892775425895,0.0
0.38354225019997273,-0.9113230412109997,-0.5826271890665847,0.0
-0.4427282204479407,0.30915755769151665,1.2467787298756567,0.0
0.38943485935341127,-0.5791471235417502,-0.4476842763087271,0.0
0.8432507868000091,-0.12466943968379256,0.28615779967931243,0.0
3.0552770644999483,1.0811884257851538,1.1130432849795635,1.0
0.31639243834013375,-0.10401798169620215,-2.1155698436456345,0.0
0.8064330545886866,-0.5420939257813242,0.6542377124936657,0.0
0.8963299982787178,-0.2188100401976682,0.12602149236944235,0.0
1.0828004831113316,-0.19779025692929642,0.4058637757933024,0.0
0.44029167445892364,-0.4764284020968256,3.6717677542229192,0.0
-0.27438184993534703,-0.36640197051077794,-2.071183016514466,0.0
1.8830864652499697,2.659978524874384,4.027177331669154,1.0
0.9289292908643533,0.44455337845402726,-0.3544510541140668,0.0
-0.8436286102903705,-0.40269418741243634,0.19475362636755844,0.0
0.19497680840404366,0.5791345523473427,-0.12327945519981748,0.0
-0.4725534917483555,-0.4406236348663405,-0.4851541480022067,0.0
-0.10280397215779893,1.0502160343167952,-0.624273165479624,0.0
0.9919519931162754,0.25532027053699685,0.23505688123525195,0.0
0.03941998325902221,-0.2165270418490996,-1.5294668416426738,0.0
-0.087305842510455,0.33256063261677987,0.6373939334553861,0.0
-1.3192324152826693,-1.664460080916206,-0.47747000405263923,0.0
0.5257409201255729,-1.2250975124783134,-1.1595847166258582,0.0
0.43746592309105287,-1.291537348671963,-0.5097838777012247,0.0
1.7670482189443184,0.031043868186778387,1.121426733981242,0.0
-0.3976015634168781,1.6036282856041277,-0.5913101296255119,0.0
0.06399316949698149,2.0970829994309845,0.26271400905345305,0.0
0.09047789418188126,0.5208607389595205,-0.7782281519829533,0.0
1.2538802488320395,0.38512041657863305,0.6444099406807762,0.0
-0.21146457389275533,-1.8921817511891805,0.5752175258210573,0.0
0.11644094261048182,-0.6472459539991402,1.6865723735881626,0.0
0.404538743995097,-0.8897364573844817,-0.247545168780574,0.0
0.035486746294616775,-0.7245843222938754,0.5591143770712534,0.0
-0.5190650737540812,-0.2767185116975416,0.01391247994425869,0.0
0.04204006360455497,-0.5774170429718132,1.1584265360917274,0.0
0.8125275095211215,-2.0685189843548684,-0.7666436543972678,0.0
-1.0272224775994934,0.6295458473476325,0.6320680590243878,0.0
-0.011501951786603423,-1.17165041943619,-0.26582727861882016,0.0
-0.7412976187607371,0.12631845536620548,-0.141124496743152,0.0
2.4843402580342993,2.651650140907733,1.0741819567978343,1.0
-1.4623118109415933,-1.0199309010471143,0.1612262024620999,0.0
-0.6176058996317952,-2.613618383815014,-0.19085007003960905,0.0
0.20245667846672058,-0.3933193607074084,0.12536857102111362,0.0
1.2434301051076029,0.9788222469607113,1.4281157043369468,0.0
-0.1855826183705398,1.8270473069200628,0.8618150866239748,0.0
-0.6143451092797438,-1.3267812227510336,0.7506939501045008,0.0
1.519927830281609,0.38101946447774887,-0.5150646648434533,0.0
-1.3964595012830863,-0.5707093800653879,-0.9294706412151431,0.0
-2.0541609113871293,-0.21518771987158963,0.8330072907882055,0.0
0.2574723672809507,2.5057120771136905,0.7572795168746824,0.0
-0.5677892886620566,-1.5972799553469188,1.3273596655766342,0.0
-1.0225949698682573,0.14065637066419429,-0.6569016356892202,0.0
0.4925426620723048,0.3523233957948823,-0.2991281045140667,0.0
0.0855871562319072,0.9638110915113104,-1.646335727590144,0.0
-0.6221232939337177,-0.01343559378349653,-0.45480215232587456,0.0
-1.249544287044571,0.19438683746494603,0.8724411472420436,0.0
0.6362966881419146,-0.4978347029159895,-0.5255330932780625,0.0
0.44159805985615014,0.15587920914684375,0.5321928707593346,0.0
-0.21486378331084238,-0.4498962552246505,-0.26181968758216895,0.0
1.4896878979863517,0.5045576379343565,0.22984771977692509,0.0
-1.0653897698487305,-0.47603199040591765,-1.1764227641947607,0.0
-1.4643601556535588,0.26269876769523987,0.0016264451219271325,0.0
-0.7341031712958342,-0.13932170471321884,-2.937852687574429,0.0
-0.16791853671864782,1.0036447235481312,-0.25837321248045764,0.0
0.08518308392492543,-0.16121610530884564,-1.6377257036206385,0.0
-0.33930994545656296,-1.8644559865417756,1.0725479009627548,0.0
0.1804193496497492,1.138063940318939,0.6630285355266516,0.0
2.2995221890412694,-0.31908490596471595,2.462642668667853,1.0
1.1367676211878759,-0.7571512656555911,1.3735447733294779,0.0
-0.19994998728308375,-0.6996671798786132,-0.9864913684539485,0.0
0.8507776853006059,1.2493780868969868,1.5898311459964698,0.0
0.1722461316721833,-2.2232222410357716,0.8109264135496947,0.0
0.27213569775948215,2.9938443256033342,-0.3058230120499237,0.0
0.37113715457921326,0.9343992899684901,1.005304479973372,0.0
0.2642124851751031,0.11048157965035925,-1.136866674051304,0.0
0.4350468902170566,-0.1646789754654036,-0.8676236571848227,0.0
1.0363662889908207,0.17213078874836962,-0.6613056747014455,0.0
0.04416979899325516,0.40518166293942326,-0.5852355898017585,0.0
0.49310971241125934,0.5279486578291785,-1.0893435480684837,0.0
-0.20659409966767028,0.43929519683330387,1.0888761836744663,0.0
1.1335724719834586,-0.021748270193327396,-0.3271300399756992,0.0
-0.7205112022665435,-0.30560111562706477,0.25703001401403797,0.0
3.5963444213755107,0.5662100127009261,-0.06637700388303866,1.0
-0.16316349643437233,-0.303196946168944,-1.8193968939978742,0.0
-1.3813581401864468,1.0112820689476292,0.17825048964189022,0.0
-0.01576396792496683,0.47684186373803467,-1.906970995385332,0.0
-0.724592844582417,-3.0193368142000403,-0.14537256947168123,0.0
0.6084274967622106,0.5385196575762592,-1.3872308900106558,0.0
-0.6996899119187895,0.08228346400321172,1.8190702517306838,0.0
-0.5188459123818429,-0.12888043690682977,0.7910242444823504,0.0
-1.783241455937972,-0.49473803958793167,0.021256771136537823,0.0
-0.5242096222738003,1.0017278988272595,1.1276924540246358,0.0
-2.2513274525199454,0.827028788569449,-0.888455512599058,0.0
-1.515499567812575,-0.8749896721106758,0.43950799267260005,0.0
0.5381461778286231,0.2923305700778262,0.11112884334261533,0.0
0.5603841339401553,-1.0716444204114601,0.17248181041259703,0.0
0.24472038640725705,-1.475246035543925,1.1359545802450564,0.0
-0.975065576471673,-0.7303912209243305,0.6201115603428482,0.0
1.4951885003135847,1.5371252377739213,2.1629686972168183,1.0
-0.13114058739160037,0.8325675407061024,-1.6610537112478123,0.0
-1.142723872245436,0.397230544811671,-0.9971259804005184,0.0
1.1890073415457343,0.6069751924698275,-0.19704167086006633,0.0
0.6405934845606013,0.40029035888027437,0.00942620209621497,0.0
0.8248678127184563,-0.1496964490314864,1.138154126707844,1.0
-0.10443246083024127,0.3169350433722923,2.2245893861226955,0.0
3.5127085651584493,1.5054546255983419,2.7393569419958994,1.0
-1.9165650546657824,0.6358587275834865,0.4955380939758561,0.0
-0.34451460575802123,1.0658360366641393,-0.010960096142400559,0.0
-0.7254098032821056,0.5903627054545842,-0.28255985985772825,0.0
1.5906727461362764,1.1813401579814091,1.1152716283406543,1.0
-0.3742314172210233,0.9483421051134276,-0.0057586266515649645,0.0
1.4468067934903117,-0.1366094488079522,0.16649311147747634,0.0
0.43340008009139347,-0.9828218231053435,-1.2663068215730655,0.0
-0.628343280038067,-0.2716959125472564,0.2395168982349689,0.0
0.37360356194737,-0.8473136134542484,-0.22814363484756786,0.0
